{
    "all-users": {
        "user": {
            "root": {
                "user": "user",
                "type": "root",
                "content": {
                    "test.txt": {
                        "name": "test.txt",
                        "type": "file",
                        "path": "test.txt",
                        "is-public": false
                    },
                    "test3": {
                        "name": "test3",
                        "type": "folder",
                        "path": "test3",
                        "is-public": false,
                        "content": {}
                    }
                }
            }
        }
    }
}