{
    "all-users": {
        "user": {
            "root": {
                "user": "user",
                "type": "root",
                "content": {}
            }
        },
        "user2": {
            "root": {
                "user": "user2",
                "type": "root",
                "content": {
                    "Python\u7c21\u6613\u767b\u5165\u7cfb\u7d71 Part 13_1080P.mp4": {
                        "name": "Python\u7c21\u6613\u767b\u5165\u7cfb\u7d71 Part 13_1080P.mp4",
                        "type": "file",
                        "path": "/Python\u7c21\u6613\u767b\u5165\u7cfb\u7d71 Part 13_1080P.mp4"
                    }
                }
            }
        }
    },
    "public": {
        "root": {
            "user": null,
            "type": "root",
            "content": {}
        }
    }
}